Team1 v/s Team2,Game Number,W/L,Team1 strength,Team2 strength,Total Time 1,Total Time 2
6 v/s 12,0,L,936.3823554826135,1093.5787309180296,239.99999999999997,240.0
10 v/s 8,1,W,1049.442479052971,1033.7975627193885,240.00000000000003,240.0
12 v/s 8,2,L,1006.6096062961366,1038.88247489081,240.00000000000003,240.00000000000003
12 v/s 9,3,W,973.1796098038901,947.1593565547506,239.99999999999994,240.0
10 v/s 13,4,L,1020.6417180615141,1229.1138831339867,240.00000000000003,240.00000000000006
12 v/s 7,5,L,1008.8618409936252,1036.3244942926797,239.99999999999997,240.00000000000006
10 v/s 13,6,L,1044.8532430269586,1150.4809219963784,240.0,240.00000000000003
1 v/s 4,7,L,1108.7644742658701,1188.870660887521,240.0,239.99999999999997
10 v/s 8,8,L,1023.1063217679452,1134.8495094272419,240.00000000000003,240.00000000000006
6 v/s 8,9,L,999.153760230596,1233.141629753448,240.0,239.99999999999994
8 v/s 7,10,L,1111.2843962417553,1233.2127310844508,240.00000000000006,240.00000000000006
6 v/s 10,11,L,981.990917675216,1088.6853454317963,239.99999999999997,240.0
4 v/s 14,12,W,1119.0001982394579,1015.868201660688,239.99999999999994,240.00000000000003
12 v/s 8,13,L,985.0630264913991,1028.8096663096796,239.99999999999994,239.99999999999997
2 v/s 8,14,L,1010.8144555332824,1010.8715144847358,240.00000000000006,240.00000000000003
8 v/s 3,15,W,1082.3677129171954,986.1683992498785,240.00000000000003,239.99999999999994
16 v/s 6,16,W,1106.0817264903656,912.1093628509269,239.99999999999997,240.0
13 v/s 8,17,W,1064.701328729533,975.1552738224382,239.99999999999994,240.00000000000006
12 v/s 5,18,W,996.2371466682914,948.7594243712651,240.0,239.99999999999994
16 v/s 14,19,W,1115.1475207746666,1025.3620378224732,240.00000000000006,239.99999999999997
10 v/s 8,20,W,1086.4054589499663,974.1498007543802,239.99999999999997,240.0
8 v/s 11,21,W,1088.5130857939425,1080.6537291024547,240.00000000000006,239.99999999999997
10 v/s 3,22,L,1063.8167350170945,1152.8673487860162,240.00000000000003,239.99999999999994
9 v/s 2,23,W,1026.6220084237684,1014.2226522988561,240.00000000000003,240.0
12 v/s 15,24,L,966.7066707776437,1073.086569728107,240.0,240.0
3 v/s 1,25,L,1039.918074427338,1125.4897302286388,240.0,240.0
5 v/s 7,26,W,1140.306006903121,990.2266570169605,240.00000000000009,240.0
2 v/s 7,27,L,1101.4345526405527,1325.861662818598,240.0,240.0
3 v/s 11,28,W,1036.681661007683,924.55898305781,240.00000000000003,240.0
7 v/s 14,29,W,1076.8052711835508,1035.3154945911856,239.99999999999997,240.00000000000006
8 v/s 10,30,L,1032.4825606590005,1113.4948499938919,239.99999999999997,240.00000000000006
11 v/s 12,31,W,1065.56441854919,900.4125022276731,240.00000000000006,240.00000000000006
13 v/s 8,32,W,1092.1555324270978,1045.139076636116,240.00000000000003,240.00000000000003
7 v/s 13,33,L,1087.6033874639154,1280.61719935737,239.99999999999997,239.99999999999997
13 v/s 11,34,L,1152.1275293644842,1218.6279207934883,240.00000000000003,240.0
9 v/s 16,35,L,1005.5533770699487,1168.647992110497,240.00000000000003,240.00000000000003
4 v/s 15,36,L,1080.424301037585,1088.4826311370894,239.99999999999997,240.0
12 v/s 14,37,L,966.7849453837227,1022.507822274203,240.00000000000003,240.0
11 v/s 14,38,W,1091.0788252723491,853.3622988696513,240.00000000000006,240.0
7 v/s 4,39,L,1093.8765983745295,1294.8432288788879,239.99999999999997,240.00000000000003
6 v/s 15,40,W,1069.0110506877857,1066.688758804901,239.99999999999994,240.0
14 v/s 15,41,L,1064.9941468696336,1065.776246923018,240.0,239.99999999999997
6 v/s 14,42,L,964.067978810071,1219.9387818911898,240.0,240.0
2 v/s 13,43,L,963.1143598170635,1007.2676917605927,240.00000000000003,239.99999999999997
14 v/s 11,44,L,1118.7542206914366,1123.0409966019192,240.00000000000006,239.99999999999997
5 v/s 11,45,L,1091.4460395960564,1154.568916352264,239.99999999999997,240.0
12 v/s 15,46,W,1035.691088136589,844.8327559168395,240.0,240.00000000000003
3 v/s 13,47,L,1028.1118278195775,1064.2204743460197,240.0,240.0
15 v/s 10,48,W,1054.0069589132725,986.9470565601032,240.00000000000003,239.99999999999997
1 v/s 14,49,L,1064.6895524276044,1108.4413426192557,240.0,240.00000000000009
11 v/s 8,50,W,1066.4363128706523,1012.7350305282289,240.00000000000003,239.99999999999997
8 v/s 3,51,W,1087.0523000610708,875.9102789484415,240.00000000000006,240.0
8 v/s 11,52,W,1184.1068496986768,1099.0848058706406,239.99999999999994,240.00000000000006
9 v/s 15,53,W,1001.7886652430647,1000.5752090758361,239.99999999999997,240.00000000000003
4 v/s 6,54,W,1057.6150106723842,845.0362985122549,239.99999999999997,239.99999999999997
1 v/s 2,55,W,1131.2526559044977,1030.9596811952124,240.0,239.99999999999997
3 v/s 15,56,W,1003.5510108339374,930.7995951617935,240.0,240.0
15 v/s 7,57,W,1074.1970670746828,1024.1682349710534,239.99999999999997,240.00000000000003
2 v/s 7,58,W,1031.0097591241904,947.8634998207334,240.00000000000003,239.99999999999997
9 v/s 15,59,L,1023.4200096752609,1108.5540856724176,240.0,240.00000000000003
4 v/s 5,60,W,1050.3420919622329,942.5098107414709,240.0,240.00000000000003
5 v/s 13,61,L,1055.5396640988495,1234.219905717108,239.99999999999991,240.00000000000003
5 v/s 1,62,W,1141.9471690557914,1141.5079671541012,240.00000000000006,240.0
5 v/s 1,63,W,1098.8839339599904,1096.6097086940267,240.00000000000003,240.00000000000003
10 v/s 6,64,L,1083.2350445066754,1185.3788447167003,240.0,239.99999999999994
7 v/s 15,65,W,1129.125685363332,1014.9344562912273,240.0,239.99999999999997
2 v/s 5,66,L,1045.3065516067875,1067.1040597368326,239.99999999999997,239.99999999999997
13 v/s 4,67,W,1138.6184967397508,1076.8941240778881,240.0,240.0
16 v/s 8,68,W,1088.8298884663714,974.1664203256223,240.00000000000003,239.99999999999994
8 v/s 15,69,W,1075.4151416096563,1057.958877776993,240.00000000000003,240.00000000000003
6 v/s 16,70,W,914.2139894281677,871.5482508900127,239.99999999999997,239.99999999999994
5 v/s 1,71,L,1103.4086727053348,1140.1171251728708,240.00000000000003,240.0
12 v/s 9,72,W,991.8264327869408,969.8587147348825,239.99999999999997,240.0
3 v/s 16,73,W,1042.7449011117883,955.3890292758327,239.99999999999997,240.0
12 v/s 9,74,L,1014.6186808317842,1239.9706556279527,239.99999999999997,239.99999999999997
1 v/s 11,75,W,1099.8499300594597,1050.9148365294577,239.99999999999997,240.0
11 v/s 1,76,W,1163.0753313475227,1130.8680089001302,240.0,239.99999999999994
5 v/s 6,77,W,1093.0833688141347,986.0023867550926,240.0,240.00000000000003
10 v/s 7,78,W,1103.0494385342724,1082.3651497816302,239.99999999999994,240.00000000000003
4 v/s 5,79,L,1051.046659747085,1172.470845726189,240.0,239.99999999999997
7 v/s 8,80,L,1028.3980567173285,1193.312402199901,240.0,240.00000000000003
8 v/s 3,81,L,1092.0996767413837,1185.2452362938052,240.0,240.0
2 v/s 15,82,L,977.1680981268437,1153.3861369711212,239.99999999999994,239.99999999999997
15 v/s 6,83,W,1115.6684397106465,916.3073519381129,240.0,240.00000000000003
10 v/s 13,84,W,1054.4705759359626,1047.7019743549777,240.00000000000003,239.99999999999997
2 v/s 9,85,W,1035.5590952108082,987.5541215657688,240.0,240.0
12 v/s 8,86,L,1085.100785331097,1150.4213904000528,240.0,240.00000000000003
1 v/s 12,87,W,1098.3798716741496,1029.6914512639637,239.99999999999997,239.99999999999997
7 v/s 1,88,L,1117.4152109947054,1193.191792173765,240.00000000000003,239.99999999999997
8 v/s 7,89,L,1092.3319173106174,1178.3421536864205,239.99999999999994,240.0
2 v/s 6,90,W,1022.8718220483573,849.2601437509911,240.0,239.99999999999994
15 v/s 12,91,W,1086.3179253250528,939.290848344363,239.99999999999997,240.0
4 v/s 7,92,W,1065.8097446619836,997.5256721931243,240.00000000000006,240.0
4 v/s 11,93,L,1023.567124078722,1206.0761768122177,240.0,240.0
10 v/s 13,94,L,1010.8991930610217,1190.5630080971534,240.0,239.99999999999997
12 v/s 1,95,L,978.0799520157937,1155.9119168817897,240.0,240.0
7 v/s 2,96,W,1093.8337286000783,998.7492863585758,240.00000000000003,240.00000000000003
7 v/s 1,97,W,1121.2990701305453,976.3984649632331,240.0,240.00000000000003
8 v/s 5,98,W,1119.4748552976016,1027.2314083123194,240.0,240.00000000000006
1 v/s 6,99,W,1078.9171520821383,903.0081072233846,239.99999999999994,239.99999999999997
8 v/s 7,100,L,1055.903815107879,1256.2677326387955,239.99999999999994,240.0
8 v/s 5,101,L,1116.407896025101,1273.6464387314486,239.99999999999997,239.99999999999997
10 v/s 8,102,L,1075.9752324039953,1232.1006821107305,239.99999999999994,240.0
1 v/s 2,103,W,1002.8346328043847,920.7452571564789,239.99999999999997,239.99999999999994
15 v/s 4,104,W,1046.0006980738606,919.2297299906886,240.0,239.99999999999997
13 v/s 4,105,W,1103.3839917691723,982.9908239996299,240.00000000000003,240.00000000000003
12 v/s 11,106,L,970.2817376916919,994.7344589786704,240.00000000000003,240.00000000000003
16 v/s 9,107,W,1137.8535102190212,1113.1245228827866,239.99999999999997,239.99999999999997
16 v/s 12,108,W,1121.98199246371,901.7092246932461,240.00000000000006,240.00000000000003
7 v/s 15,109,L,1086.7032941199107,1148.4312641830095,240.0,240.00000000000003
8 v/s 13,110,L,1077.451937050701,1189.890025012805,240.0,240.00000000000006
14 v/s 8,111,L,1069.2616212193996,1085.827702965402,240.0,240.0
15 v/s 2,112,W,1069.0769406326099,788.0772690180873,240.00000000000003,239.99999999999997
5 v/s 15,113,L,1091.942961211947,1186.4885019497408,240.0,240.00000000000006
14 v/s 16,114,L,1051.5267648044241,1099.4906120268856,240.00000000000006,239.99999999999997
9 v/s 3,115,W,1071.1163900093297,887.4366433887637,239.99999999999994,240.0
4 v/s 13,116,L,1091.3222693561395,1120.636446458521,239.99999999999994,240.00000000000003
12 v/s 8,117,W,968.1104361978292,795.8835745956444,240.0,239.99999999999994
5 v/s 16,118,L,1064.1254977119602,1136.7754723807411,239.99999999999994,239.99999999999997
3 v/s 13,119,L,997.8501845560106,1212.4190564808146,240.0,240.0
12 v/s 5,120,L,991.6607088364658,1139.8017955676787,239.99999999999997,240.00000000000003
16 v/s 11,121,W,1156.5411112318045,945.4815219394873,240.0,240.0
11 v/s 13,122,W,1154.1457929382975,1148.321135362748,240.0,240.0
5 v/s 2,123,W,1071.268870623308,999.8117387207107,240.00000000000006,240.0
5 v/s 8,124,W,1098.677946441419,1004.1351637579122,239.99999999999997,240.00000000000003
6 v/s 16,125,L,1020.4279548939659,1032.1120407152941,240.0,240.00000000000003
8 v/s 6,126,W,1040.957311565234,844.6567684710576,239.99999999999997,239.99999999999997
11 v/s 16,127,W,1037.8814839956442,952.4814069065136,240.00000000000003,240.0
10 v/s 4,128,L,1109.7406358544424,1275.9324769157772,240.00000000000003,240.0
3 v/s 12,129,L,980.8415599887246,1000.3450508786404,240.0,240.0
15 v/s 9,130,W,1098.0357001795658,1053.0964954500603,240.0,239.99999999999997
6 v/s 1,131,L,1020.3136435686567,1053.5054068379038,239.99999999999997,240.00000000000003
7 v/s 15,132,L,1026.4775837429695,1163.3236588189964,240.00000000000006,239.99999999999994
9 v/s 3,133,W,1083.4312809658234,1029.1002510009905,240.0,239.99999999999997
6 v/s 9,134,L,989.7355116762686,1192.7121459796276,240.0,240.00000000000003
5 v/s 9,135,W,1085.370412774021,1049.972912605893,240.0,240.00000000000003
15 v/s 13,136,L,1063.0196522638082,1230.357901184424,240.00000000000003,240.00000000000003
13 v/s 10,137,W,1049.8894061099027,972.221497216998,240.00000000000006,240.0
15 v/s 2,138,L,1179.9767450962713,1287.513232292021,240.00000000000003,239.99999999999997
16 v/s 14,139,W,1202.2946570675238,1183.317137182309,240.0,239.99999999999997
2 v/s 3,140,W,998.033737183732,973.4842273041397,240.0,240.0
9 v/s 8,141,L,1041.09918957027,1068.6188910323308,240.0,240.0
9 v/s 8,142,L,1066.5306962159325,1161.2387684771359,240.00000000000003,240.0
6 v/s 12,143,W,996.1609121721463,815.8584339306504,240.0,239.99999999999997
15 v/s 8,144,W,1110.654835482485,1013.6983235316482,240.0,239.99999999999997
15 v/s 13,145,L,1094.7228250877897,1139.474090616741,240.0,240.0
15 v/s 6,146,W,1116.8390517420776,1015.6866922630498,240.00000000000003,240.00000000000003
11 v/s 9,147,L,1128.6921193248393,1202.5917984666635,240.00000000000003,240.0
10 v/s 8,148,W,1028.6832581339868,701.2343827128933,239.99999999999997,240.0
4 v/s 2,149,W,1053.9967727926164,1037.711515947445,240.0,240.0
9 v/s 8,150,L,1016.6454568538736,1260.489717072372,239.99999999999997,240.0
16 v/s 9,151,W,1105.5961269038553,1000.0577859530921,240.00000000000006,239.99999999999994
6 v/s 15,152,L,926.6439144502165,1350.443588440597,240.0,240.00000000000003
3 v/s 11,153,W,1037.4212012175287,978.4300176726434,239.99999999999997,240.0
1 v/s 16,154,W,1106.0560832586132,993.6556162944009,240.0,239.99999999999997
7 v/s 10,155,W,1135.7650382864747,705.8606760977524,240.00000000000003,240.00000000000003
11 v/s 14,156,L,1041.6884858940607,1131.5086269640399,240.00000000000003,240.0
4 v/s 16,157,L,1041.805232229624,1454.8031435466144,240.0,240.0
2 v/s 5,158,L,1014.43103945853,1032.437837412669,240.00000000000003,239.99999999999997
4 v/s 10,159,W,1029.3485971820649,906.4777782409811,240.0,239.99999999999994
7 v/s 16,160,W,1095.0263721237902,970.235080787331,240.00000000000003,239.99999999999994
11 v/s 16,161,L,1124.588366945352,1131.6886752629937,240.0,240.0
12 v/s 7,162,L,979.2918841656424,1158.7552794265018,240.00000000000006,239.99999999999997
9 v/s 3,163,L,986.0483104053498,1043.2169180488786,240.0,239.99999999999997
5 v/s 14,164,W,1091.480561558906,1003.8276458483468,240.00000000000003,239.99999999999991
15 v/s 10,165,W,1102.2291015758258,949.5579776418705,240.0,240.0
2 v/s 5,166,L,1024.7102092156774,1142.6000969698903,240.00000000000006,240.00000000000003
13 v/s 4,167,W,1108.708462339494,1000.6741032907678,240.0,240.0
8 v/s 16,168,W,1088.3401654899485,1020.4913483689587,240.00000000000003,240.0
5 v/s 12,169,W,1053.5681678783176,876.5850931286573,240.00000000000003,239.99999999999997
16 v/s 3,170,L,1095.2327843138605,1237.2534406865855,240.00000000000003,240.00000000000006
3 v/s 9,171,L,990.7494992110172,1113.914094697242,240.00000000000003,240.00000000000003
7 v/s 9,172,W,1087.0680781584933,1064.0899400888009,240.0,240.0
3 v/s 5,173,L,1021.2414481189227,1058.304243353767,240.0,240.00000000000006
14 v/s 13,174,L,1093.0004445435484,1184.5396558078855,240.00000000000003,240.00000000000003
4 v/s 11,175,L,1034.908867920009,1194.2699627035338,239.99999999999997,239.99999999999997
9 v/s 4,176,L,1025.6458223020256,1041.2528887914139,239.99999999999997,240.0
7 v/s 10,177,W,1118.4360161001973,902.6389350276514,240.00000000000006,240.00000000000003
1 v/s 7,178,W,1120.2390806434373,1005.0673654076774,240.0,239.99999999999997
15 v/s 4,179,W,1106.3769676236566,1060.9677280744306,240.0,239.99999999999997
6 v/s 9,180,L,933.0067650664711,1166.7736313849107,240.00000000000003,240.0
16 v/s 13,181,W,1088.1765819317143,1042.8166610763205,239.99999999999997,239.99999999999997
6 v/s 7,182,L,976.8132585161411,980.4440628432059,240.00000000000006,240.00000000000009
6 v/s 15,183,L,998.0751283661273,1028.229363613382,240.0,240.00000000000006
6 v/s 7,184,W,998.388390465056,975.5904693182222,239.99999999999997,240.0
14 v/s 9,185,W,1014.5560910162073,990.9793016169034,239.99999999999997,240.00000000000003
1 v/s 10,186,W,1092.9075339165038,897.4893624418153,240.0,240.0
12 v/s 3,187,L,907.9623497852086,1004.1383095822362,240.0,240.0
15 v/s 2,188,L,1071.5655539431941,1223.878211573069,240.00000000000003,240.00000000000003
10 v/s 13,189,L,1037.8505023686298,1123.4039192004648,240.00000000000009,240.0
5 v/s 2,190,W,1082.418887350309,1003.2092751279963,239.99999999999997,240.00000000000006
4 v/s 15,191,W,1067.9065546868699,956.9512950573554,239.99999999999997,240.00000000000003
3 v/s 7,192,W,1058.4194353775122,1000.5298916017712,240.0,239.99999999999997
16 v/s 7,193,L,1075.1442905760255,1117.9531392517863,240.0,240.0
4 v/s 14,194,W,1010.8857102944235,855.0305160247106,240.0,240.0
6 v/s 2,195,W,978.1944929337274,894.8650607447685,240.0,240.00000000000003
10 v/s 11,196,L,1031.4719983568411,1163.3548946063995,240.00000000000006,240.0
10 v/s 13,197,L,1004.9264065739226,1088.8839272371765,240.0,240.00000000000009
5 v/s 6,198,W,1105.6303114616633,1042.9284205654176,239.99999999999994,240.0
1 v/s 5,199,W,1101.1446352728874,863.689819570923,240.0,239.99999999999994
4 v/s 9,200,W,1060.8167625503859,1019.3368288656943,239.99999999999997,240.0
8 v/s 9,201,W,1057.3249249086482,1043.3241316737822,240.00000000000003,240.00000000000003
6 v/s 12,202,L,900.9636005086068,1065.4044037151532,239.99999999999997,239.99999999999997
14 v/s 4,203,L,1152.285280866471,1157.7890177246088,239.99999999999997,240.0
16 v/s 12,204,W,1113.0998670540018,903.6232001536395,239.99999999999997,240.0
16 v/s 6,205,W,1101.9753316060676,860.1829191751486,240.0,240.0
11 v/s 2,206,L,1094.603503184949,1195.0385885448336,240.0,240.0
4 v/s 15,207,L,1044.323706590909,1320.2639933441014,239.99999999999997,240.0
1 v/s 5,208,L,1067.6603118790958,1088.3609294360017,240.00000000000003,239.99999999999994
5 v/s 12,209,W,1083.7631792145612,1080.845531937626,240.0,240.00000000000009
4 v/s 1,210,L,1117.9437443846107,1180.0953818793791,240.00000000000003,239.99999999999994
9 v/s 3,211,W,1073.360285891709,1014.6621530118905,240.0,240.0000000000001
11 v/s 3,212,L,1138.7112566509195,1182.7041881579928,240.0,240.0
8 v/s 6,213,L,1100.4023878962971,1101.824953900454,240.0,239.99999999999997
2 v/s 14,214,L,931.8355597105851,976.0306274305744,240.0,240.00000000000006
7 v/s 1,215,W,1088.7355894239356,1011.1982280777008,240.0,239.99999999999997
15 v/s 11,216,W,1131.0097962326583,929.2326089925541,239.99999999999997,240.00000000000006
7 v/s 11,217,L,1161.0057914167653,1228.2346554539695,239.99999999999997,239.99999999999997
13 v/s 1,218,W,1167.976266755795,1063.2612247902057,240.00000000000009,239.99999999999997
4 v/s 2,219,L,1098.149792367311,1127.7376508348982,239.99999999999994,239.99999999999997
1 v/s 13,220,W,1155.821784260286,1118.851162638769,240.0,240.0
1 v/s 7,221,L,1133.4474174502113,1307.925990702765,239.99999999999997,240.00000000000003
8 v/s 5,222,L,993.1045372321672,1024.1352521526073,240.00000000000003,240.00000000000003
11 v/s 3,223,L,1104.8108265496476,1141.7772805676511,239.99999999999997,240.0
16 v/s 13,224,L,1091.0063041618155,1223.9452979056855,239.99999999999997,240.00000000000006
8 v/s 3,225,L,1015.0095599745752,1088.5393036212101,240.0,240.00000000000003
16 v/s 4,226,W,1187.827558124008,970.971881911082,240.0,240.00000000000006
7 v/s 13,227,L,1053.5951055149071,1111.650866138015,240.00000000000003,240.00000000000003
11 v/s 10,228,W,1106.4359785483296,935.9641505190522,239.99999999999997,240.00000000000003
10 v/s 11,229,W,1061.7601632928217,1045.2257888207248,240.0,240.00000000000003
14 v/s 11,230,L,1108.0367573360668,1311.2981634737293,240.00000000000003,240.0
4 v/s 12,231,L,1046.68449391949,1170.3884926448127,240.0,239.99999999999997
1 v/s 6,232,W,1075.909584449979,743.2343367346459,240.0,239.99999999999997
2 v/s 7,233,L,954.576146808184,1107.1481443595476,240.00000000000003,240.0
9 v/s 14,234,W,1104.5804071887958,1022.7860465106888,240.0,239.99999999999997
13 v/s 6,235,W,1066.2294268688352,775.4768563901213,239.99999999999994,239.99999999999994
15 v/s 14,236,W,1093.0302690182402,1083.561680538055,240.0,239.99999999999994
12 v/s 8,237,W,987.9932506240044,842.550950932263,240.0,239.99999999999997
16 v/s 5,238,L,1113.4050840795987,1117.6037237913367,240.0,240.0
7 v/s 4,239,L,1087.002131425056,1150.1501448500205,240.0,240.00000000000006
8 v/s 1,240,L,1025.150775515388,1337.3057741476084,239.99999999999997,240.00000000000003
11 v/s 14,241,W,1119.7275791544882,1058.975885735381,239.99999999999997,240.0
16 v/s 4,242,W,1089.7376469439466,982.3998391512733,240.0,240.0
9 v/s 14,243,W,1071.9488734747513,986.488285031031,240.00000000000006,240.0
14 v/s 6,244,W,1092.088804438341,1004.3401397528675,240.00000000000003,240.00000000000003
12 v/s 4,245,L,966.9919996998347,1007.8172491796682,239.99999999999994,240.0
13 v/s 15,246,W,1090.4923132006531,1003.9118772713397,240.00000000000006,240.00000000000003
5 v/s 10,247,L,1031.1401107464433,1148.3889242158023,240.0,240.0
12 v/s 15,248,L,976.7637180195561,1168.3853374916237,239.99999999999994,240.0
5 v/s 6,249,W,1102.2251535284856,904.3479973924447,239.99999999999997,240.0
6 v/s 15,250,L,1023.8378456462384,1180.0283189369304,240.0,240.0
2 v/s 1,251,L,1030.7256303514844,1052.4262133189154,239.99999999999997,240.00000000000003
16 v/s 11,252,W,1066.6045437698554,1006.932412151858,240.0,240.0
8 v/s 4,253,L,1063.047542648663,1140.362910304541,240.0,240.00000000000003
9 v/s 7,254,W,1114.7227104292122,1039.6994941476526,240.0,240.00000000000003
9 v/s 11,255,L,1036.8937112537058,1157.8238350775903,240.00000000000003,240.0
4 v/s 12,256,W,1052.8936710015944,1031.0136764234846,239.99999999999997,240.0
12 v/s 10,257,L,1017.0023134005825,1026.399712259452,240.00000000000003,240.00000000000003
4 v/s 12,258,W,1082.180547878013,985.701918908675,240.00000000000003,239.99999999999997
13 v/s 7,259,L,1070.645229336079,1074.543672096781,240.00000000000006,239.99999999999994
8 v/s 16,260,L,1033.9623675087971,1301.2966125510973,240.00000000000003,239.99999999999997
12 v/s 4,261,L,989.406707705653,1213.2910902297856,239.99999999999994,239.99999999999997
11 v/s 16,262,L,1063.688045375286,1313.1163864642147,240.00000000000003,239.99999999999997
10 v/s 9,263,W,1018.8355881054262,1016.0295145763175,240.0,240.00000000000003
8 v/s 10,264,L,1030.3415907345302,1062.2028419401552,240.0,240.00000000000006
7 v/s 11,265,W,1035.5363251207984,934.2040683822112,240.0,240.00000000000003
4 v/s 10,266,L,1001.844572473076,1227.614890231605,240.0,240.00000000000006
6 v/s 10,267,L,1037.192331749705,1213.4193359147534,240.0,239.99999999999997
2 v/s 9,268,W,1080.3175995920305,959.4418263692019,239.99999999999997,240.0
4 v/s 14,269,L,1028.0151585962683,1130.4611668332225,240.00000000000003,240.0
5 v/s 9,270,W,1060.3001037169117,1005.9044277361044,239.99999999999994,240.00000000000006
1 v/s 14,271,W,1130.7380430157878,1036.3601973889668,240.0,239.99999999999997
5 v/s 13,272,L,1086.9470970570294,1168.6262260696067,239.99999999999994,240.0
9 v/s 7,273,W,1010.2366605950921,894.1768226830602,239.99999999999997,240.0
6 v/s 11,274,W,1069.8753969706352,856.5822853278987,239.99999999999994,240.0
6 v/s 4,275,W,988.0163105810526,983.0160933213738,240.0,239.99999999999997
13 v/s 8,276,L,1053.4958546871524,1070.547746975322,240.0,240.0
13 v/s 5,277,W,1186.954936364919,1086.1006771594002,240.0,240.00000000000006
3 v/s 16,278,W,1023.0666529162959,995.9957261694593,240.00000000000003,240.0
15 v/s 8,279,W,1163.9576810306362,988.651430896927,240.00000000000006,240.0
16 v/s 3,280,W,1095.4923838576713,948.4088891253305,239.99999999999994,240.0
2 v/s 14,281,L,969.2379229028542,1092.8411453359104,240.0,239.99999999999994
12 v/s 4,282,L,987.744978527396,1019.7871039475991,240.00000000000003,240.0
10 v/s 15,283,L,1036.4987982289379,1210.110408163572,239.99999999999997,239.99999999999994
13 v/s 2,284,W,1124.9885787348371,1054.1402050920356,239.99999999999997,240.0
1 v/s 8,285,W,1073.0687019473214,911.8525985372377,240.0,240.0
2 v/s 13,286,L,1059.6283124071792,1247.724259555346,239.99999999999991,240.0
6 v/s 13,287,L,1003.2320072503601,1123.8757630990085,240.0,240.0
4 v/s 6,288,W,1073.8280898883468,786.5051270870355,240.00000000000003,240.0
6 v/s 7,289,L,953.1738193258567,1062.5732249878479,239.99999999999997,240.0
8 v/s 9,290,W,996.0602062144299,894.9386088523325,240.00000000000003,240.00000000000003
12 v/s 8,291,L,894.5354823592536,1030.7306575183713,240.0,240.0
6 v/s 3,292,L,963.5380107574416,1039.781836270515,240.0,240.00000000000003
15 v/s 8,293,W,1020.573751040887,988.1626741856646,239.99999999999994,240.0
9 v/s 14,294,W,1113.4658365175483,1067.3563491003044,240.00000000000003,240.0
10 v/s 5,295,L,1010.3662395859612,1102.4093602942519,240.0,239.99999999999994
4 v/s 7,296,W,987.8456962560815,865.7513051848816,239.99999999999991,240.0
16 v/s 10,297,W,1141.801970426475,1011.377809204487,240.0,240.0
3 v/s 11,298,L,1013.0126744770604,1189.3114074797002,240.0,240.00000000000003
6 v/s 15,299,L,971.2367357453466,1131.6899945131581,239.99999999999997,239.99999999999994
15 v/s 8,300,W,1103.382040254052,986.7862070925592,240.00000000000006,239.99999999999994
8 v/s 14,301,L,1027.6196942831348,1088.7385333958193,239.99999999999997,240.0
9 v/s 6,302,L,1026.2960299159809,1135.197863675132,240.00000000000006,240.00000000000003
8 v/s 9,303,L,1083.7257185611275,1127.8870176267794,239.99999999999997,239.99999999999994
8 v/s 10,304,W,1137.1141204082462,1014.7105821591915,240.00000000000006,240.0
11 v/s 3,305,W,1079.2645582548485,1037.1919283688437,240.0,239.99999999999997
1 v/s 6,306,W,1150.9605151770174,988.9955477756869,239.99999999999997,240.0
5 v/s 11,307,L,1067.6409020865676,1118.420447243782,239.99999999999997,239.99999999999997
15 v/s 10,308,W,1115.889802320834,1074.4786879100734,240.00000000000003,240.00000000000003
5 v/s 2,309,W,1045.5875794317897,970.6579947322288,239.99999999999997,240.0
5 v/s 2,310,L,1040.0647079618775,1045.1108368328935,239.99999999999997,240.0
15 v/s 14,311,W,1110.116299723158,1034.1515386831165,240.00000000000006,239.99999999999997
4 v/s 3,312,W,1025.3948340533254,790.1842094120256,240.0,240.0
12 v/s 1,313,L,1030.7177566883838,1229.0690285479575,239.99999999999997,239.99999999999997
7 v/s 5,314,W,1067.7104688369839,1049.2510614617252,240.0,240.0
5 v/s 4,315,L,1079.6607686509008,1288.8644843401883,240.00000000000009,240.0
6 v/s 4,316,L,1021.5365067466508,1057.147382835229,240.0,240.0
10 v/s 8,317,L,984.1238785289427,1206.4137996297202,240.00000000000006,240.0
15 v/s 9,318,W,1114.3893597211584,984.1969474154831,240.0,240.00000000000003
11 v/s 10,319,L,1046.7272537227277,1096.4907660216907,239.99999999999997,240.0
12 v/s 5,320,L,952.0161612781698,1006.4016352900459,240.00000000000003,240.0
12 v/s 9,321,L,922.9163760664946,1035.7845141400721,240.0,240.00000000000006
2 v/s 4,322,W,980.3808446380611,952.1765678883788,239.99999999999997,240.00000000000003
9 v/s 1,323,W,991.0190632966895,978.6063417099717,240.00000000000003,239.99999999999997
13 v/s 11,324,W,1107.3615010693711,949.7753709836057,239.99999999999997,240.0
6 v/s 15,325,L,1007.5457906816079,1087.6739061852425,240.0,240.00000000000003
15 v/s 14,326,L,1027.5527563177275,1255.1388759370013,240.0,240.00000000000003
8 v/s 16,327,L,1055.3693799543116,1149.4463505213278,240.0,240.00000000000003
1 v/s 16,328,L,1078.6260453600642,1087.8659797921662,240.00000000000003,239.99999999999991
4 v/s 16,329,W,1105.7768530241167,1071.5337543835353,240.0,239.99999999999997
10 v/s 3,330,L,1080.6890263521714,1248.2836739640122,240.0,239.99999999999997
8 v/s 11,331,L,1068.9553273670665,1220.7369757584756,239.99999999999997,240.0
12 v/s 13,332,L,933.2490495683949,1062.009585276824,239.99999999999997,240.0
1 v/s 15,333,L,1108.0479431320853,1170.5075974534418,240.0,239.99999999999997
13 v/s 5,334,W,1080.263553774983,1049.765594516702,239.99999999999991,239.99999999999991
5 v/s 6,335,W,1114.8167274345833,1021.9705046719935,239.99999999999997,239.99999999999994
13 v/s 3,336,L,1073.610504705478,1144.7023224982124,240.00000000000003,240.0
10 v/s 9,337,L,1021.21596633311,1173.7980006083824,239.99999999999997,239.99999999999994
7 v/s 6,338,L,1085.4901791091133,1129.1352047200608,240.0,239.99999999999994
4 v/s 1,339,L,1045.2395364679487,1304.8481504901565,240.00000000000003,239.99999999999994
8 v/s 7,340,W,1027.5801105695248,959.2236648285786,239.99999999999997,239.99999999999997
15 v/s 8,341,L,1091.247906387664,1148.6791712106342,239.99999999999997,240.0
6 v/s 4,342,L,939.1523975154192,957.1193614077263,240.0,240.0
15 v/s 8,343,L,1107.8916680568357,1126.3694337413597,239.99999999999994,240.00000000000003
8 v/s 5,344,W,1076.685230161538,994.2717778132702,240.0,240.00000000000006
7 v/s 14,345,W,1085.7432572725309,1012.1894351794361,240.00000000000003,240.0
2 v/s 5,346,L,1039.6669576885402,1115.8600635856228,240.0,239.99999999999997
7 v/s 16,347,L,1093.7940135660276,1240.8318339218417,239.99999999999991,240.00000000000006
7 v/s 3,348,W,1096.5677095474039,972.4314974381814,240.00000000000003,240.00000000000006
14 v/s 11,349,W,1061.1260908990798,915.6721013280089,240.0,240.0
11 v/s 1,350,L,1042.6706663901427,1142.0206904419863,240.00000000000003,240.0
10 v/s 4,351,W,1103.100710840253,1055.2636468933977,240.0,239.99999999999997
15 v/s 14,352,L,1144.7934487125056,1234.8939323806442,240.0,240.0
16 v/s 8,353,L,1100.8447409508092,1158.2290295099372,239.99999999999997,240.00000000000003
7 v/s 9,354,W,1119.2394302087714,1078.1514210226348,240.00000000000006,240.0
8 v/s 7,355,L,1033.3919463444709,1343.9023975029495,239.99999999999994,240.0
8 v/s 14,356,W,1037.322484170788,996.5185155240825,240.00000000000006,239.99999999999997
3 v/s 6,357,W,1009.7386511954153,977.2228349603329,240.0,239.99999999999997
4 v/s 1,358,L,1063.6726549514094,1285.222907891861,240.0,240.00000000000003
15 v/s 4,359,W,1081.2821617060981,934.6210451097487,240.0,240.0
4 v/s 1,360,L,1066.4747919929796,1088.6786790417302,239.99999999999994,240.0
16 v/s 12,361,W,1016.1724415417633,875.9010090561909,240.00000000000003,239.99999999999997
8 v/s 10,362,L,999.1559028738777,1035.7526238529013,239.99999999999997,240.00000000000003
9 v/s 10,363,L,1072.5092332169843,1162.0994106078617,240.00000000000006,240.0
7 v/s 8,364,W,1141.3256071030996,1036.7551948126575,239.99999999999997,239.99999999999997
10 v/s 5,365,L,1046.224580928651,1082.412857217783,240.00000000000003,240.00000000000006
3 v/s 2,366,L,936.9574431022842,1000.8178371480465,240.00000000000003,240.0
2 v/s 6,367,W,976.4350270886614,939.0716515981569,239.99999999999994,240.00000000000006
7 v/s 2,368,L,1093.1162156348762,1099.7460031424798,240.00000000000006,240.00000000000003
2 v/s 16,369,L,1013.3128871382806,1150.9587729696407,240.0,239.99999999999997
2 v/s 15,370,L,1070.0863320097194,1277.693119553027,239.99999999999997,240.00000000000003
4 v/s 13,371,L,1061.1423865071315,1070.4660821864054,239.99999999999997,240.00000000000006
3 v/s 2,372,L,1071.636038186905,1176.0634883976222,240.0,240.0
14 v/s 13,373,L,1049.3124649022163,1112.4487743120058,240.0,240.00000000000003
14 v/s 15,374,L,1098.5940568675594,1282.484635087658,239.99999999999997,239.99999999999994
11 v/s 3,375,W,1104.378263380034,948.3876606920993,240.0,240.00000000000006
4 v/s 9,376,L,1018.200109033436,1318.5896711410148,240.00000000000003,240.0
2 v/s 8,377,L,1061.1078170568496,1201.645295643997,240.0,239.99999999999994
14 v/s 15,378,L,1125.7131469297872,1128.0313381898975,240.0,240.00000000000006
7 v/s 11,379,W,1060.5617977313957,1017.0515128809719,240.0,240.0
1 v/s 13,380,W,1027.492570043572,969.9035398960851,240.0,240.0
12 v/s 2,381,W,1024.3957413158673,888.913452613704,239.99999999999997,240.00000000000003
14 v/s 9,382,L,1118.6621152831651,1285.088308150255,240.00000000000006,240.0
1 v/s 7,383,L,1060.3768491651215,1160.0655883876166,240.00000000000006,240.0
5 v/s 13,384,L,1054.893794553551,1316.1500083809528,240.00000000000003,240.0
14 v/s 6,385,L,1065.0127150685137,1073.6821367034797,239.99999999999994,240.00000000000003
2 v/s 16,386,W,1087.8041813010518,977.7303838848399,239.99999999999997,240.00000000000003
4 v/s 5,387,L,1112.8727250483032,1170.2954773451322,240.0,240.0
16 v/s 9,388,W,1147.4769207042882,969.6823207030548,239.99999999999994,240.00000000000003
16 v/s 3,389,L,1082.8343168790427,1103.7133926216948,239.99999999999997,240.0
5 v/s 15,390,L,1055.8784030530371,1164.98531594816,240.0,240.0
8 v/s 13,391,L,1048.692291968098,1238.4974400110514,239.99999999999994,240.0
7 v/s 12,392,W,1140.6802728544444,1101.0020497378584,240.00000000000003,240.00000000000003
8 v/s 15,393,L,1039.2647046475545,1120.9326825887063,240.0,239.99999999999997
11 v/s 8,394,L,1061.7851145872962,1163.7154892670073,240.0,240.0
3 v/s 12,395,L,983.5232212156681,991.3850163857211,240.00000000000003,240.0
4 v/s 14,396,L,1046.3426196893815,1186.7283648721404,240.00000000000003,239.99999999999997
10 v/s 11,397,L,1045.8745463563541,1226.8754142746964,239.99999999999994,240.0
8 v/s 2,398,W,1154.085995845697,742.8352227162674,240.00000000000006,239.99999999999994
6 v/s 8,399,W,949.9343198625036,869.8866188394277,239.99999999999997,240.0
6 v/s 1,400,L,997.4744140680239,1036.8945953945372,240.00000000000003,240.00000000000003
9 v/s 3,401,L,1035.3974483482145,1087.980120463092,239.99999999999994,240.0
10 v/s 1,402,L,1014.8808815821073,1094.4910323331392,240.0,240.00000000000006
4 v/s 8,403,W,1019.4923268822145,951.4108157715483,240.0,240.0
9 v/s 4,404,L,1062.6867213903129,1129.099072602031,239.99999999999997,239.99999999999997
4 v/s 8,405,L,1079.1262703040636,1086.5082081906012,240.0,240.0
12 v/s 3,406,L,937.2615015228256,946.5594238470427,239.99999999999997,240.0
4 v/s 15,407,L,1033.9176195083962,1121.7633328976926,239.99999999999997,240.0
15 v/s 2,408,L,1063.9532871651695,1077.3369897884343,239.99999999999994,240.00000000000006
10 v/s 3,409,W,1074.9613212277243,958.3677649190973,239.99999999999997,240.0
1 v/s 6,410,W,1057.2419555628742,862.125883038298,239.99999999999997,239.99999999999994
12 v/s 2,411,W,1024.1418628186673,898.047406173569,239.99999999999997,240.0
10 v/s 11,412,W,1089.6960207265195,984.9487348100727,239.99999999999994,240.00000000000003
2 v/s 5,413,W,979.4563973675637,935.9424662216785,240.0,240.0
2 v/s 4,414,W,1039.5667687798511,990.8510710535827,240.00000000000003,239.99999999999994
7 v/s 11,415,W,1014.9573153271069,1002.8962645567556,240.0,240.00000000000006
1 v/s 13,416,W,1123.9305220989336,1011.2792981338217,239.99999999999997,239.99999999999997
15 v/s 3,417,W,1085.1273943245762,1009.5999137187009,239.99999999999997,240.00000000000006
2 v/s 11,418,L,956.9846358777537,1009.7528118059057,239.99999999999997,239.99999999999997
12 v/s 3,419,W,994.0055472618042,970.497332173874,239.99999999999997,240.0
3 v/s 5,420,W,1023.9197451153539,983.0350674969385,240.0,239.99999999999994
9 v/s 15,421,W,1061.5774020032497,1041.562417869197,240.00000000000003,239.99999999999994
12 v/s 6,422,W,1021.7150591691038,984.6967148348059,239.99999999999997,240.0
11 v/s 6,423,W,1126.8025881381827,902.4368789748629,240.0,240.00000000000006
10 v/s 2,424,W,1167.2001274552235,964.8570273973446,240.0,240.00000000000003
4 v/s 1,425,W,1047.9201768540445,1016.3782751526046,239.99999999999997,240.0
8 v/s 7,426,L,971.720495321591,1249.375056385326,240.0,240.0
3 v/s 9,427,W,1023.2073740305274,975.642696519511,239.99999999999994,240.0
14 v/s 10,428,L,1088.009682007771,1092.8525153284315,240.0,240.0
3 v/s 14,429,L,1000.9614291948474,1191.608053733722,240.0,240.0
8 v/s 4,430,L,1048.6343938563207,1213.8889474361426,240.00000000000003,239.99999999999997
10 v/s 13,431,L,1055.572382610673,1083.6668393964583,240.00000000000003,240.0
4 v/s 5,432,W,1032.0730858807678,998.9200769091775,240.0,239.99999999999997
11 v/s 8,433,L,1081.3168947501529,1182.3454427139916,240.0,239.99999999999997
4 v/s 16,434,L,1076.904654342957,1159.684663266849,240.0,239.99999999999997
13 v/s 1,435,W,1172.464523133782,1045.1262656164677,239.99999999999997,240.00000000000006
14 v/s 7,436,W,1106.163240436114,997.6027246466485,240.0,240.00000000000003
6 v/s 14,437,L,1018.4400065309966,1108.4224866515626,240.0,240.00000000000003
14 v/s 3,438,W,1059.5043878162658,1024.227646711503,240.00000000000003,240.0
13 v/s 12,439,W,1134.4511652577812,910.546339130136,240.00000000000003,240.0
6 v/s 14,440,W,996.0232552852397,944.2447174057277,240.00000000000006,240.0
3 v/s 1,441,L,996.3159239967548,1126.215400101207,240.0,240.0
16 v/s 10,442,W,1221.5859876456016,921.7126165365371,240.0,240.0
10 v/s 14,443,L,957.4375167413261,985.0790551762632,239.99999999999997,240.00000000000006
11 v/s 14,444,W,1122.0545647640563,1090.472007355848,240.00000000000003,239.99999999999994
13 v/s 2,445,L,1071.208346897735,1118.7905199398353,239.99999999999994,239.99999999999997
16 v/s 12,446,W,1096.107900484155,988.9880004739545,240.00000000000003,240.0
6 v/s 14,447,L,1010.847786006582,1135.8766610922185,239.99999999999997,240.0
16 v/s 12,448,W,1095.0548849023512,982.5528253541714,240.0,240.0
16 v/s 5,449,L,1100.7552076533982,1299.1748756024094,240.0,240.00000000000003
4 v/s 11,450,W,1116.770126319536,1104.4530393235107,240.0,240.0
9 v/s 11,451,L,969.8111849034595,1147.1822840314185,240.00000000000006,240.0
12 v/s 2,452,W,993.321102172749,910.9073830045107,240.0,240.00000000000003
14 v/s 3,453,W,1123.0508276257667,953.2560121798774,240.00000000000003,240.00000000000003
16 v/s 12,454,W,1110.8359421384587,850.4677038551109,239.99999999999997,240.0
15 v/s 10,455,W,1090.460570350091,1059.0249591407596,240.00000000000006,239.99999999999997
6 v/s 16,456,L,988.0672055010624,1037.3336116569785,240.0,239.99999999999997
8 v/s 9,457,W,1072.1122745524399,1069.6133710154895,240.0,239.99999999999997
14 v/s 3,458,W,1091.9006533866634,998.6517728473175,240.0,240.00000000000003
6 v/s 15,459,L,922.1944957317901,1034.1382876618638,240.0,240.0
1 v/s 15,460,W,1121.6480997353779,1068.9010335587739,239.99999999999997,240.00000000000003
14 v/s 1,461,L,1026.1460737253597,1196.6372195198512,240.00000000000003,240.0
15 v/s 8,462,W,1077.2197440253433,1055.8771746981863,239.99999999999997,240.00000000000003
8 v/s 10,463,W,1049.126829939257,844.2932332049818,240.00000000000003,240.0
8 v/s 5,464,W,1042.0500540538364,979.2338355313423,239.99999999999997,240.0
8 v/s 5,465,W,1139.6355782741527,1096.4712631705377,240.0,239.99999999999997
5 v/s 2,466,W,1100.2477844827802,970.0176432586532,240.0,240.00000000000003
3 v/s 10,467,W,1009.0809874476763,946.0524606723769,239.99999999999991,240.0
5 v/s 7,468,L,1053.4215009221161,1103.3542728907064,240.00000000000006,240.0
16 v/s 2,469,W,1123.2590428889396,1122.1216857023983,239.99999999999997,240.0
4 v/s 5,470,W,1067.9407490979281,968.7448080588526,240.0,239.99999999999994
9 v/s 13,471,W,1090.6019073308883,1073.1464974931127,240.00000000000003,240.0
8 v/s 16,472,L,1067.5123833954847,1173.2917052217083,240.00000000000003,240.00000000000003
1 v/s 12,473,W,1119.7825115574874,1021.0446872213594,240.00000000000003,240.0
3 v/s 2,474,W,1021.1317126102368,843.2077644741427,239.99999999999994,239.99999999999997
1 v/s 7,475,W,1064.4798891774446,983.8335585136496,239.99999999999997,240.0
12 v/s 4,476,W,1003.4579058934024,924.5438588514909,240.0,239.99999999999997
11 v/s 16,477,W,1066.5286489498312,902.9693886307073,240.0,240.0
5 v/s 4,478,W,1040.3321210020206,978.4495577499544,240.00000000000006,240.0
5 v/s 12,479,W,1095.6135098451882,1089.0002878942526,239.99999999999997,239.99999999999997
3 v/s 13,480,L,1013.8181418590666,1024.6927253193853,240.00000000000003,240.0
9 v/s 11,481,W,1017.4464377418182,999.5025151265653,240.0,239.99999999999997
8 v/s 1,482,L,1098.9422221339848,1182.1245935039635,239.99999999999994,239.99999999999997
13 v/s 6,483,W,1167.1741586527105,1072.3155371171558,240.00000000000003,239.99999999999997
2 v/s 4,484,L,1020.3082856183959,1039.6684163441375,240.0,239.99999999999997
2 v/s 14,485,L,1013.7799330231136,1038.924414703996,239.99999999999994,239.99999999999991
7 v/s 1,486,W,1080.6732643496111,1032.5922567959467,240.0,240.00000000000006
13 v/s 6,487,W,1131.1431100318484,959.814317856779,240.00000000000006,239.99999999999997
4 v/s 6,488,W,1091.4173620969352,959.0679168624054,240.0,240.00000000000003
14 v/s 2,489,L,983.0100119596531,1080.3268285143513,240.00000000000006,240.00000000000003
13 v/s 4,490,W,1131.451538990688,1089.616017674017,240.00000000000003,240.0
16 v/s 13,491,W,1125.6496387402929,865.7892959152268,239.99999999999997,240.0
10 v/s 11,492,W,1036.8123100898097,949.2052245439875,240.0,240.00000000000009
5 v/s 1,493,L,970.3323394508499,1102.8384272892367,240.0,240.0
2 v/s 7,494,W,1056.343994857224,943.7846074554977,240.0,240.0
1 v/s 14,495,W,1076.446605112065,954.6111487933442,240.0,240.00000000000006
4 v/s 15,496,L,1046.3153796752863,1140.536540651673,239.99999999999994,239.99999999999994
3 v/s 4,497,W,977.9591320176445,959.1827327498912,240.00000000000003,239.99999999999997
11 v/s 7,498,W,1058.3352380436777,926.9601451220562,240.00000000000003,240.00000000000003
6 v/s 4,499,L,940.6514497108708,985.533895485511,240.0,240.0
12 v/s 11,500,L,1041.3634248213496,1138.5774896968824,240.0,239.99999999999997
9 v/s 5,501,L,1024.2980942776774,1173.5411380543412,240.0,240.0
3 v/s 10,502,W,994.7200162700376,985.0507578631749,239.99999999999997,240.0
15 v/s 6,503,W,1063.0708413310672,906.1396408539757,239.99999999999997,240.0
7 v/s 13,504,L,1030.992280489611,1207.7653375830141,240.0,240.00000000000003
8 v/s 9,505,W,1069.3266037570684,1067.0557673235037,240.0,240.0
12 v/s 8,506,W,1000.0180913362692,902.0535796456429,239.99999999999994,240.0
15 v/s 2,507,W,1064.1936216647393,1048.7115652168143,239.9999999999999,240.0
4 v/s 14,508,W,1071.9523899764517,899.512754631838,240.00000000000003,240.0
12 v/s 7,509,L,1013.0066283215317,1152.9719872496685,240.0,240.00000000000003
13 v/s 3,510,W,1051.341000079857,973.9250487238893,240.0,240.00000000000003
11 v/s 9,511,L,1098.2601272107393,1212.962876412653,240.0,239.99999999999997
7 v/s 14,512,W,1046.8625527829213,934.8534699337953,239.99999999999997,240.0
16 v/s 4,513,L,1054.0303684021555,1147.3359096728457,240.0,240.0
9 v/s 15,514,L,1047.467664379968,1089.9070330509464,240.0,240.00000000000003
9 v/s 8,515,L,1043.8555717480306,1175.952189726143,240.0,240.0
9 v/s 11,516,L,1088.2437922985753,1140.395297441241,240.0,239.99999999999997
2 v/s 8,517,W,1084.4861619821156,1004.9101232652221,240.00000000000009,240.00000000000006
10 v/s 3,518,W,1017.9482992111148,930.225898581423,239.99999999999994,239.99999999999994
8 v/s 5,519,W,1114.5484611832135,1061.8017714149798,239.99999999999997,239.99999999999994
10 v/s 6,520,W,1056.762096030659,896.4514460763457,240.00000000000003,240.0
14 v/s 2,521,W,1090.8913889613932,1033.0234074819082,239.99999999999997,240.0
12 v/s 1,522,L,1007.0257528261562,1188.9415393158176,239.99999999999997,240.00000000000003
3 v/s 2,523,L,1010.0918386145885,1106.893676389583,240.00000000000006,240.0
5 v/s 16,524,W,1127.9022921014625,991.2201088436401,239.99999999999997,240.0
10 v/s 15,525,W,1004.6050732411641,976.5515568206454,240.0,240.00000000000006
10 v/s 5,526,W,1030.8255970944927,1013.8830810921952,240.00000000000006,240.0
10 v/s 5,527,W,1090.567084007884,964.3319218660118,239.99999999999997,240.00000000000003
3 v/s 9,528,L,1017.0870911495426,1245.4364657145663,240.0,239.99999999999997
5 v/s 16,529,L,1005.8900104646154,1014.4772558458676,239.99999999999991,239.99999999999997
8 v/s 16,530,W,1166.5481049884545,1131.4462730249954,240.00000000000003,240.0
15 v/s 7,531,L,1077.6378093855924,1342.05840696995,240.0,239.99999999999997
5 v/s 15,532,L,1149.5013018187817,1151.5793312084256,240.00000000000003,240.0
16 v/s 1,533,L,1130.894837687723,1134.2114037453027,240.0,240.0
6 v/s 13,534,W,1029.6361586686141,1024.8337166450733,240.0,239.99999999999997
6 v/s 1,535,L,987.3030443371293,1237.5859958242359,240.0,240.0
11 v/s 15,536,W,1046.4717507928967,923.1110924423982,240.0,240.0
7 v/s 16,537,L,1113.0556137853082,1257.1722225876172,240.00000000000009,240.00000000000003
10 v/s 13,538,L,1016.995500755116,1055.472289407412,240.0,239.99999999999997
6 v/s 3,539,W,981.1273337111732,939.0132029162747,240.00000000000003,240.0
7 v/s 16,540,L,1080.047559641147,1161.0165272333863,240.00000000000009,240.0
8 v/s 14,541,L,1032.2179151997173,1142.722057085363,240.0,240.00000000000003
3 v/s 2,542,W,999.6814393104279,976.9990298695401,239.99999999999997,240.0
7 v/s 16,543,L,1101.5404509954976,1147.8530442061015,239.99999999999997,239.99999999999997
1 v/s 14,544,W,1182.003813006838,979.4231487849543,240.00000000000003,240.0
4 v/s 11,545,L,1079.693228010908,1331.8228489978744,240.00000000000006,239.99999999999997
4 v/s 2,546,W,1052.7987904457007,1011.3385631073195,240.0,240.0
15 v/s 11,547,L,1105.3643379644711,1190.976259937004,239.99999999999994,240.00000000000003
12 v/s 14,548,L,1053.858055620552,1129.4489943009198,240.0,240.0
6 v/s 15,549,L,975.0247102649473,1288.6931592800934,239.99999999999997,240.00000000000006
5 v/s 16,550,L,1081.6508977527533,1139.5160593828928,240.00000000000003,240.0
8 v/s 3,551,W,1041.9598241906283,952.8858546848096,240.0,240.0
1 v/s 16,552,W,1067.8759636646319,1063.2778840875853,240.00000000000006,240.0
7 v/s 11,553,W,1058.695702859915,889.694276256086,239.99999999999997,240.00000000000003
1 v/s 13,554,W,1142.3874932535894,1043.6117036776325,240.00000000000003,240.00000000000006
1 v/s 15,555,W,1100.6302330757717,984.1647099780679,239.99999999999997,240.00000000000003
1 v/s 4,556,W,1022.3207287634801,913.09040988685,240.0,239.99999999999997
8 v/s 16,557,L,1078.9019165282957,1127.2620873041724,240.0,239.99999999999997
7 v/s 6,558,W,1129.6162048418375,911.1301551130473,240.0,239.99999999999994
3 v/s 12,559,W,1034.1368619522332,912.2737821172597,240.0,240.00000000000003
6 v/s 11,560,L,986.5113129413917,1248.7283526165897,240.0,240.00000000000006
1 v/s 3,561,W,1064.9968951989754,1045.4882195322875,240.00000000000003,239.99999999999997
5 v/s 14,562,W,1038.2186242575672,948.8409151055624,240.00000000000003,239.99999999999994
4 v/s 14,563,L,1074.9022841747073,1399.0865195713893,240.0,239.99999999999997
10 v/s 5,564,L,1010.7622885226087,1089.3590942906908,240.00000000000003,240.00000000000006
10 v/s 11,565,L,1065.8689345818466,1169.5592425927475,239.99999999999997,240.00000000000003
7 v/s 14,566,L,1045.9848042274828,1147.6370394449052,240.00000000000006,240.00000000000009
10 v/s 8,567,L,975.0400184660919,1116.9674176289548,240.00000000000006,240.0
14 v/s 6,568,W,1128.3909763992942,1044.0555391576106,239.99999999999997,240.0
4 v/s 3,569,L,1040.8993849246774,1150.8142045428012,239.99999999999997,240.00000000000003
3 v/s 4,570,W,1047.5931961841295,940.4120020453836,240.0,239.99999999999994
6 v/s 13,571,L,1024.1342454793637,1033.806242995018,239.99999999999997,240.0
1 v/s 7,572,W,1107.6819770480586,1105.490921918123,240.0,240.0
3 v/s 6,573,W,1010.2976751719751,969.4885819523992,240.0,240.00000000000003
10 v/s 7,574,W,1089.228527673972,935.5296253435945,240.00000000000003,239.99999999999997
10 v/s 4,575,W,1066.609003709025,1026.6336041325433,240.0,239.99999999999994
2 v/s 13,576,W,1008.5925368439985,970.7513041066134,240.00000000000003,240.0
14 v/s 5,577,W,1029.7455078962537,813.003588198577,240.0,240.0
16 v/s 12,578,W,1149.5528078063614,1057.0451701444995,240.0,240.0
6 v/s 2,579,W,978.5856009016877,917.2886212761276,240.00000000000003,240.0
4 v/s 3,580,W,1055.7119706568599,933.4236018232266,240.0,240.0
6 v/s 9,581,L,976.5942400870567,1008.7364119050619,240.00000000000003,240.0
9 v/s 4,582,W,1041.7626643610456,1032.6318080685558,239.99999999999994,239.99999999999997
14 v/s 2,583,L,1092.228910273955,1208.8331659729633,240.0,240.0
3 v/s 11,584,L,958.8681637240212,1320.2355600815727,240.0,240.00000000000003
1 v/s 14,585,L,1122.5031010299135,1165.5454101771847,240.0,239.99999999999994
14 v/s 1,586,L,1101.5122097402948,1149.069879483724,240.0,240.0
3 v/s 6,587,L,986.5627268502598,1002.4912900235229,240.00000000000003,240.00000000000003
16 v/s 15,588,W,1081.3976376135824,971.792448872001,239.99999999999994,240.00000000000003
10 v/s 6,589,L,1001.2666531599033,1136.8863090343707,240.00000000000003,239.99999999999997
3 v/s 16,590,L,929.1706701303218,1146.8321290770518,240.00000000000009,240.00000000000003
8 v/s 5,591,W,1016.8351238473628,836.0288380503746,239.99999999999997,239.99999999999997
4 v/s 7,592,L,1020.1434515361008,1152.3802129642822,240.00000000000003,239.99999999999997
5 v/s 15,593,W,1197.8830965919024,1145.9106236772864,239.99999999999997,239.99999999999997
5 v/s 14,594,W,1051.6779153318212,1020.5670165154065,240.00000000000003,240.00000000000003
4 v/s 2,595,L,1048.0917209166662,1115.479273091142,240.0,240.00000000000003
7 v/s 5,596,W,1108.809361031133,1069.2832982003151,239.99999999999994,240.00000000000006
8 v/s 4,597,L,1132.4453352044102,1183.2904141438444,240.0,240.0
8 v/s 12,598,L,999.241471483132,1088.5640738260295,240.0,240.0
15 v/s 10,599,W,1072.014598021505,909.1893952735047,239.99999999999997,239.99999999999994
7 v/s 12,600,W,1039.2146739296543,953.1766574275345,240.00000000000003,240.0
12 v/s 7,601,L,944.5049221376106,1176.110885228282,240.0,240.00000000000006
10 v/s 4,602,L,1083.7988850175707,1092.8252267000596,240.00000000000006,239.99999999999997
13 v/s 16,603,L,1064.1747575878155,1234.7268979770936,240.0,240.0
8 v/s 7,604,L,1086.3408320690096,1225.8516644435404,240.0,240.0
13 v/s 11,605,W,1106.7832512455857,1056.6068843524592,240.0,239.99999999999997
10 v/s 9,606,L,1022.9673822735042,1102.5800936997744,239.99999999999997,240.0
13 v/s 16,607,W,1102.5033152674307,1069.7781634354399,239.99999999999994,239.99999999999997
5 v/s 4,608,L,1102.561080415947,1153.8226301293587,240.00000000000003,240.00000000000006
8 v/s 15,609,W,1063.6658314414935,1058.034924145019,240.0,239.99999999999997
9 v/s 8,610,L,1043.3701159247566,1102.0822256007361,240.0,240.00000000000003
6 v/s 7,611,L,996.4183749437691,1072.2713478934193,240.0,239.99999999999997
15 v/s 8,612,L,1036.63141995524,1122.9083105373243,240.0,239.99999999999997
15 v/s 4,613,W,1111.8520573672681,1027.3688302420796,240.00000000000006,240.00000000000003
2 v/s 16,614,W,1012.8035564925492,979.8588554603873,240.00000000000003,239.99999999999997
10 v/s 7,615,L,1118.9070537123687,1166.8393825603512,239.99999999999997,240.0
3 v/s 13,616,L,990.5689449147907,1091.081179591529,240.0,240.00000000000006
14 v/s 11,617,L,988.1955607755038,1013.4692477090528,239.99999999999997,239.99999999999997
13 v/s 4,618,L,1133.520580996706,1195.123055955405,240.00000000000003,240.00000000000003
3 v/s 6,619,W,1078.617633390612,1074.7059984401324,240.0,239.99999999999997
3 v/s 14,620,L,946.9350831067309,1017.7664925211376,240.00000000000003,240.00000000000006
8 v/s 11,621,W,1057.1635191172284,972.9980772800045,240.0,240.00000000000003
11 v/s 15,622,L,1084.119549274752,1350.6836412358928,240.00000000000006,240.0
7 v/s 4,623,W,1078.485154896916,900.8304551107395,240.0,240.00000000000003
13 v/s 16,624,L,1063.7390056875097,1114.1378000549817,240.00000000000003,239.99999999999994
4 v/s 7,625,L,1028.7892176745054,1234.4967054159736,240.0,240.00000000000003
11 v/s 5,626,L,1076.664944030979,1130.6552786054272,240.00000000000003,239.99999999999997
11 v/s 8,627,W,1096.0063051963466,833.2068162742053,240.0,240.0
15 v/s 13,628,W,1091.6023626956487,1024.8810316073314,240.00000000000003,240.00000000000003
1 v/s 6,629,W,1161.0891109604338,1083.1006187879295,240.0,240.0
15 v/s 16,630,L,1161.1470815914201,1165.289606871917,240.0,239.99999999999994
12 v/s 6,631,L,950.1416115350274,953.8500800008222,240.00000000000003,239.99999999999997
8 v/s 9,632,W,1054.1114414867232,954.1029565198264,239.99999999999997,240.0
14 v/s 15,633,W,1047.6100925829885,959.324513523406,240.0,240.00000000000006
4 v/s 10,634,W,1078.2065385394267,1028.3033806080473,240.0,240.0
1 v/s 2,635,W,1056.2589759558525,1001.589463695995,239.99999999999994,240.0
2 v/s 9,636,L,932.9304395587317,1164.056904095485,240.0,240.00000000000006
4 v/s 11,637,L,1093.0426486700496,1117.8660588329149,240.0,240.0
7 v/s 15,638,W,1111.6536677444449,1017.4723952297513,240.00000000000003,240.00000000000003
1 v/s 15,639,L,1138.6765632730687,1181.1308027013179,240.0,240.00000000000006
12 v/s 13,640,L,1014.7062827415973,1046.5305489028715,240.0,239.99999999999997
13 v/s 2,641,L,1035.9796245442676,1165.6109368924308,240.0,240.00000000000006
4 v/s 8,642,L,1012.2110695272211,1085.026992430818,240.0,240.00000000000003
12 v/s 13,643,L,966.4934351587843,1122.7905842094904,240.0,239.99999999999994
10 v/s 4,644,L,1053.422860697987,1218.341308879213,239.99999999999997,240.00000000000006
13 v/s 6,645,W,1126.0272496983166,1019.6929697423042,239.99999999999994,239.99999999999997
2 v/s 11,646,L,1033.082458916068,1213.9515456952288,240.0,240.0
9 v/s 14,647,L,1038.4007189009194,1132.9557209596815,239.99999999999997,240.00000000000003
12 v/s 7,648,L,999.8887270000125,1005.1531302731597,240.0,240.00000000000003
4 v/s 2,649,W,1052.0621024723273,886.4074574690628,240.0,240.0
15 v/s 8,650,L,1089.4479504334774,1197.4459788144973,240.00000000000003,240.0
8 v/s 5,651,L,1055.698824894273,1147.7190854216112,240.0,240.0
2 v/s 9,652,L,981.5635232634883,1245.2290900987705,240.00000000000003,240.0
15 v/s 4,653,L,1040.7241312773053,1120.7500758575432,240.0,240.0
14 v/s 3,654,W,1118.1473130338477,1089.89683392437,240.00000000000003,239.99999999999997
14 v/s 4,655,L,1081.5681914467098,1217.4680746204726,239.99999999999997,240.0
15 v/s 3,656,W,1109.7660667759453,979.6201064610433,240.0,240.0
8 v/s 10,657,W,1023.1294315376102,1003.6326943373153,240.00000000000003,240.0
15 v/s 11,658,W,1151.3528658072073,868.7409846538943,240.0,239.99999999999997
9 v/s 13,659,W,1026.819145506544,985.3123894237636,240.0,240.0
3 v/s 13,660,L,957.6979458181936,1230.551376888527,240.0,240.0
8 v/s 3,661,L,1012.8429639403871,1062.991232586725,240.00000000000003,239.99999999999994
1 v/s 10,662,W,1085.2653133432918,1034.4241901550724,240.0,240.00000000000003
2 v/s 12,663,W,1007.9790990677368,866.2103547586474,239.99999999999997,240.0
6 v/s 15,664,L,978.2054930592923,1112.0425299226526,240.0,240.0
14 v/s 15,665,W,1069.9771858694842,945.1214557575934,240.00000000000003,240.0
6 v/s 15,666,L,981.5364051326827,986.4291764871055,239.99999999999997,240.0
14 v/s 4,667,L,1153.7177780785726,1178.6612047945148,240.0,239.99999999999997
12 v/s 14,668,L,985.5057335424644,1166.189394304317,240.0,240.0
10 v/s 8,669,L,1005.7918739195444,1090.7432558973055,240.0,240.0
16 v/s 15,670,W,1126.5271722253929,988.8693586099348,240.0,239.99999999999997
16 v/s 12,671,W,1143.0294099099667,939.9700358800344,239.99999999999997,240.0
12 v/s 7,672,L,940.4702435307031,1094.8219770761978,240.00000000000003,240.0
7 v/s 1,673,W,1118.8832790880863,1063.7588836417287,239.99999999999997,240.00000000000009
13 v/s 5,674,L,1105.9138296877463,1137.1852158394972,239.99999999999997,240.0
5 v/s 4,675,W,1053.6147361954354,798.8838551273741,240.00000000000006,240.00000000000006
9 v/s 16,676,L,1063.1154999046687,1215.2275409905353,240.0,240.0
11 v/s 10,677,L,1063.9627112069659,1073.8358187172207,240.0,240.0
9 v/s 13,678,W,1061.9946357833517,1020.5513137673681,239.99999999999994,240.0
2 v/s 4,679,L,1079.5662767975855,1092.5749567954322,239.99999999999997,239.99999999999997
11 v/s 7,680,W,1054.5281081796234,1033.5277128493374,240.00000000000003,240.0
10 v/s 9,681,W,1038.06472637067,949.44800349868,240.0,240.00000000000003
14 v/s 1,682,L,1042.6303887465742,1082.0080965747702,239.99999999999994,240.0
2 v/s 8,683,L,966.0197692840205,1066.3110372191595,240.0,240.00000000000003
10 v/s 9,684,L,1010.1201993145155,1052.562228549932,240.0,240.00000000000003
9 v/s 10,685,L,1081.626283928325,1137.0811541215085,240.0,239.99999999999997
3 v/s 16,686,L,1005.4427863808792,1145.9104351999251,240.00000000000003,240.0
6 v/s 7,687,L,940.7230648375408,1243.0958541629307,240.0,240.0
13 v/s 1,688,L,1071.6567385868282,1184.3109559815036,240.00000000000003,240.00000000000003
12 v/s 11,689,L,960.1839364733186,1327.3914329671052,239.99999999999997,240.0
14 v/s 4,690,L,1066.0893902503658,1153.989442887121,239.99999999999997,240.00000000000003
10 v/s 5,691,L,1042.1512599094813,1137.6541096885894,240.0,240.0
5 v/s 7,692,W,1127.6820989566704,1106.2677337543232,240.0,240.0
9 v/s 1,693,W,1042.957082744957,849.1886227059265,240.0,240.0
4 v/s 15,694,W,1115.157137862119,953.1135825776288,239.99999999999994,239.99999999999997
3 v/s 6,695,L,1009.38182948485,1076.5268229622097,240.0,240.0
1 v/s 4,696,L,1125.976089918946,1228.1925744916082,239.99999999999997,239.99999999999994
16 v/s 4,697,W,1087.8788898375135,1030.9457449029958,240.0,239.99999999999991
5 v/s 7,698,L,1081.3974408115698,1116.7471716834523,240.0,240.00000000000006
11 v/s 16,699,L,1057.530290660265,1161.3397312198992,240.0,239.99999999999997
7 v/s 8,700,W,1135.8450835902113,990.4756682617609,239.99999999999997,240.0
1 v/s 12,701,W,1178.8387768650746,923.3502939119853,239.99999999999997,239.99999999999994
15 v/s 13,702,L,1068.191123278783,1117.9560060254978,240.00000000000003,240.0
10 v/s 5,703,L,1017.1196219016274,1100.247180153504,240.00000000000003,240.0
13 v/s 2,704,W,1124.67292129898,1121.1719612366392,239.99999999999997,239.99999999999994
10 v/s 8,705,L,1014.3291981392799,1092.1586831587774,240.0,239.99999999999997
13 v/s 12,706,W,1063.4927954188706,1035.370378842744,240.00000000000006,239.99999999999994
4 v/s 3,707,W,1058.9067524250702,982.8048083547441,239.99999999999997,240.00000000000003
11 v/s 12,708,W,1032.7221084843857,805.5831312932885,240.0,240.0
7 v/s 14,709,W,1105.8537458057942,925.989748834731,240.0,240.00000000000003
11 v/s 4,710,W,1098.1263988687524,1042.8080714935325,239.99999999999997,240.00000000000003
15 v/s 10,711,W,1009.6808991018731,944.8551821553568,239.99999999999994,240.0
5 v/s 15,712,L,1053.597849011535,1174.8897956735884,240.0,240.00000000000006
5 v/s 12,713,W,1071.5284742206559,754.7945333945158,240.0,240.0
13 v/s 3,714,W,1171.7355351542847,1147.4258793784172,239.99999999999994,240.0
13 v/s 15,715,W,1137.5110067685075,1123.7242678433581,240.00000000000006,240.0
16 v/s 7,716,W,1078.7405895745803,978.9484151457027,239.99999999999997,239.99999999999997
16 v/s 2,717,L,1115.24880485688,1259.0855557008508,240.0,240.0
3 v/s 11,718,L,1054.5864653890644,1172.379679913291,239.99999999999994,239.99999999999997
11 v/s 14,719,W,1067.4693979201704,1050.4996321935794,240.0,240.0
4 v/s 15,720,L,1067.6027393067898,1209.9417301144053,240.0,240.0
1 v/s 15,721,W,1213.4544469728455,1119.0027175365599,240.0,240.0
16 v/s 3,722,L,1056.3067382085494,1156.1472359377337,240.00000000000003,240.0
2 v/s 3,723,L,1022.4514441800964,1179.2476003376314,239.99999999999997,240.00000000000003
12 v/s 1,724,L,1026.6667569407853,1164.772543192306,240.00000000000009,240.0
9 v/s 6,725,L,995.805785772477,1118.436111931398,240.0,240.00000000000003
8 v/s 11,726,W,1117.8355790132327,927.1885975278697,239.99999999999997,240.00000000000006
12 v/s 14,727,L,969.6970662871042,1199.1926351013904,239.99999999999994,240.0
7 v/s 6,728,W,1163.4562267388371,975.4983750039245,240.0,239.99999999999997
14 v/s 13,729,W,1062.949946967105,1050.649669705651,239.99999999999997,240.00000000000003
8 v/s 3,730,L,1043.5398555706247,1130.582287470278,240.00000000000003,240.0
3 v/s 1,731,L,1029.3801608378412,1037.880710445432,240.0,240.00000000000003
2 v/s 13,732,L,1067.1327539259476,1165.3199726372286,239.99999999999994,239.99999999999997
13 v/s 7,733,L,1067.0064915999378,1280.8504021644248,240.0,240.00000000000003
4 v/s 11,734,W,1056.9002708628727,1002.7057643125275,240.0,240.00000000000006
15 v/s 11,735,W,1093.0199033986576,1026.142132410542,240.0,240.0
15 v/s 16,736,L,1126.9429664226845,1156.1951012704178,240.00000000000003,239.99999999999997
9 v/s 2,737,L,1058.731850856549,1141.9844690468158,239.99999999999997,240.0
2 v/s 9,738,W,979.3654676461073,968.7892451778556,240.0,240.00000000000006
8 v/s 12,739,W,1072.5901914325157,892.4663969202217,239.99999999999997,240.00000000000003
5 v/s 6,740,W,1059.3675432576597,994.6339136468426,240.0,240.0
15 v/s 7,741,W,1102.4188924362832,1073.652294809382,240.00000000000006,240.0
12 v/s 6,742,W,1061.1635884616685,1025.2787032996937,239.99999999999991,239.99999999999997
8 v/s 1,743,L,1073.88564466139,1088.4404361177862,240.00000000000006,239.99999999999994
8 v/s 13,744,W,1096.0146094861475,905.858204658462,240.0,240.0
6 v/s 15,745,L,1023.6732765542953,1179.0782957442068,239.99999999999994,239.99999999999994
16 v/s 15,746,W,1119.6285529650959,1056.7104937891665,239.99999999999997,239.99999999999997
8 v/s 3,747,W,1113.1285226421908,1054.342763029714,240.0,239.99999999999997
12 v/s 15,748,L,1016.5511559329249,1149.1634036561034,240.00000000000003,239.99999999999997
4 v/s 6,749,W,1075.3742820367088,1057.0268930502573,240.00000000000006,240.0
13 v/s 14,750,W,1132.3856355678276,1090.4597966162196,240.0,240.0
5 v/s 15,751,L,1075.5050702234332,1086.4950480609061,240.00000000000003,240.0
16 v/s 5,752,W,1150.213860482237,837.7785097723328,240.0,240.0
2 v/s 6,753,L,980.8669971134889,1062.0063004411384,240.0,240.0
7 v/s 4,754,W,1118.0673334379942,1113.7062454794745,240.0,240.0
3 v/s 5,755,L,955.1541414495625,1060.6749740633588,240.00000000000003,240.00000000000003
4 v/s 6,756,W,1129.9037272646858,961.2304285740084,239.99999999999997,239.99999999999994
12 v/s 2,757,L,1061.0392045329058,1158.0514809447204,240.00000000000003,240.00000000000003
15 v/s 9,758,W,1084.1297955159964,1078.9578837288152,239.99999999999994,240.00000000000003
12 v/s 14,759,L,994.7419079121553,1030.254309108627,239.99999999999997,240.0
15 v/s 8,760,W,1096.3786893769511,905.1136266408538,240.0,240.0
9 v/s 11,761,W,1041.8484374069876,1014.5250089609824,240.0,240.0
5 v/s 8,762,W,1088.7572823978162,1052.5964118250051,239.99999999999997,240.00000000000003
10 v/s 13,763,L,1071.2539749132322,1088.9154067631166,239.99999999999994,240.00000000000003
9 v/s 1,764,L,1061.4039256314527,1185.2956841829327,240.00000000000003,240.00000000000006
7 v/s 13,765,L,1065.8210833406542,1240.7308798794504,239.99999999999994,240.0
1 v/s 10,766,W,1188.2872046957266,976.5574781505152,240.00000000000003,240.00000000000003
1 v/s 13,767,W,1065.1947472123147,1060.2068172464562,239.99999999999997,239.99999999999994
10 v/s 15,768,W,1050.8581158878228,1029.5766745914082,240.0,239.99999999999994
14 v/s 8,769,L,1161.1942331536907,1401.423859030224,240.0,239.99999999999994
9 v/s 7,770,W,1084.0601171760713,1032.6680067974803,240.0,240.0
16 v/s 11,771,W,1124.8635695721998,1066.6003553881458,239.99999999999997,240.0
6 v/s 8,772,L,952.7280673990966,1097.9195511312387,240.0,240.0
4 v/s 12,773,W,1041.3173515057147,916.6107102736484,239.99999999999997,240.0
2 v/s 8,774,W,1013.2665137076517,889.4469198468031,240.0,240.00000000000006
11 v/s 9,775,L,1049.377528054414,1097.4378261689606,240.00000000000003,239.99999999999997
9 v/s 11,776,L,1045.6282273802578,1096.1532080716984,240.00000000000003,239.99999999999997
6 v/s 12,777,L,1017.6033579485937,1193.9989978105011,240.0,240.0
13 v/s 10,778,W,1095.0557705735957,992.6235553069505,239.99999999999997,240.0
15 v/s 9,779,W,1068.7078618241046,1034.341997298349,240.0,240.00000000000003
11 v/s 12,780,L,1085.4305362331545,1186.184271004015,240.0,240.0
2 v/s 1,781,L,1032.8888764407502,1116.813526577047,240.00000000000006,240.0
6 v/s 8,782,L,989.9919579405596,1095.3762212373624,240.00000000000003,239.99999999999997
10 v/s 2,783,W,1069.610001347111,1048.4887813804405,239.99999999999997,240.00000000000006
5 v/s 11,784,L,1083.9527653148662,1100.1254150692314,240.0,240.0
13 v/s 5,785,W,1134.067035939873,874.0385986344661,239.99999999999994,239.99999999999997
5 v/s 16,786,L,1039.0857997955532,1197.6164952376798,240.0,239.99999999999997
2 v/s 11,787,L,1050.1932160015094,1096.8993520032702,240.0,240.0
2 v/s 16,788,L,1051.1050653420398,1188.84925805668,240.00000000000006,239.99999999999997
2 v/s 15,789,W,952.0661460865205,942.8031289960929,240.0,240.0
1 v/s 2,790,W,1141.6761340729438,1140.7573248838858,240.0,240.0
5 v/s 3,791,W,1056.015200676182,1026.6482172521353,240.0,240.0
7 v/s 5,792,L,1106.4947621122965,1184.595635101786,240.00000000000003,240.0
1 v/s 12,793,L,1092.2231321570712,1112.486316387634,240.0,240.0
6 v/s 9,794,L,952.256970056308,1018.225643619992,240.0,240.0
15 v/s 6,795,W,1077.5791693612439,962.3481352318262,239.99999999999997,239.99999999999997
7 v/s 14,796,W,1102.597713717841,981.2714451193239,240.0,239.99999999999997
16 v/s 9,797,W,1172.1037609811078,920.5199509102896,239.99999999999997,239.99999999999994
7 v/s 10,798,L,1104.2759594061495,1169.572356044561,240.0,240.00000000000006
6 v/s 7,799,L,1019.9662652735362,1052.3895490933467,240.0,239.99999999999994
9 v/s 3,800,L,1045.5384073408552,1151.6629124979122,240.0,239.99999999999997
13 v/s 6,801,W,1111.1310930337274,900.573838125744,240.00000000000003,240.0
6 v/s 12,802,W,944.5799928495213,944.4531516448002,240.0,240.00000000000003
1 v/s 7,803,L,1072.1536741261757,1173.775373682408,240.0,240.0
3 v/s 7,804,L,1017.3570791599253,1048.6934562330084,240.0,240.0
6 v/s 9,805,L,1038.6364796749451,1081.0308779774975,240.0,239.99999999999994
15 v/s 2,806,L,1059.3322720191086,1156.7118262781414,240.0,240.0
7 v/s 11,807,L,1141.465438493256,1337.4088345903178,240.00000000000006,240.00000000000006
7 v/s 6,808,L,1040.1655698212576,1186.8150126870446,240.00000000000003,239.99999999999997
11 v/s 12,809,W,1139.2648464088193,1054.2364934280938,239.99999999999997,239.99999999999997
15 v/s 11,810,L,1033.4447197495324,1189.0877282401354,240.00000000000003,240.00000000000003
8 v/s 1,811,L,1043.290904121047,1257.3627465234863,240.0,239.99999999999997
11 v/s 7,812,L,1098.67599249719,1190.3080110854237,239.99999999999997,239.99999999999994
2 v/s 10,813,L,950.2653213518404,1065.7281351127328,240.0,240.0
12 v/s 11,814,L,975.6488147336928,985.4578764514281,240.0,239.99999999999994
10 v/s 14,815,W,1045.484642094771,944.4846873365407,240.00000000000003,240.00000000000006
10 v/s 8,816,L,1031.0124630352154,1291.1074033008447,240.00000000000003,240.00000000000003
6 v/s 16,817,L,975.0028525760604,1139.7682553957104,240.0,240.0
8 v/s 13,818,L,1023.1801998403132,1108.5741837902924,240.00000000000003,239.99999999999994
12 v/s 8,819,W,1065.1511282374775,963.8135674406423,240.00000000000003,239.99999999999994
9 v/s 5,820,W,1114.437349008316,1041.0535656543814,240.0,239.99999999999994
11 v/s 1,821,W,1119.914889172052,1114.4624517661707,240.0,240.00000000000003
15 v/s 5,822,W,1070.1084712363313,929.6372019939348,240.00000000000003,239.99999999999997
15 v/s 5,823,W,1119.2549220851972,1037.49385305032,240.0,239.99999999999994
11 v/s 8,824,L,1070.7304626210998,1172.783073916401,240.00000000000006,239.99999999999997
11 v/s 6,825,W,1059.2625254598347,1016.936211841732,240.0,239.99999999999997
7 v/s 11,826,L,1097.3733333685161,1224.3870723117484,240.0,240.00000000000003
1 v/s 7,827,L,1141.0652832907967,1223.4376095006692,239.99999999999997,239.99999999999997
1 v/s 7,828,W,1151.7608160696113,1023.9664040953554,240.00000000000003,239.99999999999994
7 v/s 10,829,L,1080.4206952216382,1082.1099011015958,240.00000000000003,240.0
16 v/s 12,830,W,1101.1766714611429,961.245341619353,240.0,240.0
3 v/s 15,831,L,986.7792787310569,998.4087855365093,240.00000000000006,239.99999999999994
9 v/s 1,832,L,1084.918890116932,1189.5105055170798,240.00000000000003,240.00000000000003
2 v/s 1,833,L,985.3378451757998,1155.2763818526842,240.00000000000003,239.99999999999994
9 v/s 7,834,L,1108.646008792279,1194.832109005943,239.99999999999994,240.00000000000006
10 v/s 6,835,W,1072.105000670605,1037.4017783397326,239.99999999999997,239.99999999999997
8 v/s 10,836,L,1054.366211632728,1075.367394015414,240.0,239.99999999999997
11 v/s 6,837,W,1142.3049732027778,1023.66515747293,240.0,240.0
3 v/s 1,838,L,1002.2771733993674,1211.3387319486362,240.0,240.0
8 v/s 16,839,L,1025.5488161105388,1087.5986902577122,240.00000000000003,239.99999999999997
4 v/s 15,840,L,1096.419859286439,1311.0551389727668,239.99999999999994,239.99999999999997
6 v/s 13,841,L,1001.4394894653195,1205.88203042576,240.0,240.00000000000003
10 v/s 13,842,L,1063.2516867857225,1108.9597919536682,240.00000000000003,240.00000000000006
7 v/s 4,843,L,1062.2995595179925,1186.9263950256461,240.0,239.99999999999994
12 v/s 14,844,L,983.663022127724,1029.3575819360217,240.00000000000003,240.00000000000006
14 v/s 13,845,W,1168.9458194141757,1159.6217078223472,240.0,240.00000000000003
15 v/s 5,846,L,1034.4282267169353,1227.9307118062773,240.00000000000003,240.0
12 v/s 11,847,L,992.1082877926126,1384.4841679553865,239.99999999999997,240.0
2 v/s 15,848,L,932.205503144341,1134.4332076968392,239.99999999999997,240.0
6 v/s 2,849,W,951.8840785485213,926.7067847728632,240.00000000000003,240.00000000000003
4 v/s 3,850,W,1097.9743271104355,1013.0078790529074,240.00000000000003,239.99999999999994
10 v/s 12,851,W,1081.0196040231099,954.5122490366307,239.99999999999997,239.99999999999997
9 v/s 3,852,W,1007.9068724235495,1001.326811365089,240.0,240.0
7 v/s 15,853,L,1062.5443595416718,1232.9852175912226,240.00000000000003,240.00000000000003
12 v/s 16,854,W,996.8538595273491,937.0883034134011,240.00000000000006,240.0
4 v/s 7,855,W,1085.1503219625936,1048.6938715048132,240.00000000000003,240.0
11 v/s 6,856,W,1081.4386614145642,836.7183890166009,240.00000000000006,240.0
12 v/s 16,857,L,1020.7441732301281,1123.8487082435922,239.99999999999991,240.0
15 v/s 7,858,W,1063.983108167619,910.4544679248535,240.00000000000003,240.0
15 v/s 10,859,L,1110.3874956543912,1125.530504702689,240.00000000000003,239.99999999999997
14 v/s 3,860,W,1110.7157846793948,1083.2248646219125,240.0,240.0
15 v/s 14,861,W,1127.1656669797635,877.4488246937344,239.99999999999997,240.00000000000003
3 v/s 2,862,L,1023.3264022296361,1092.1099082939613,240.0,239.99999999999997
14 v/s 8,863,L,1066.91671109851,1207.0447693535118,239.99999999999997,239.99999999999997
14 v/s 12,864,L,1081.519762847366,1182.8267485147285,239.99999999999994,239.99999999999997
4 v/s 12,865,W,1117.4503807328765,888.5735171169015,239.99999999999997,239.99999999999997
6 v/s 1,866,L,952.0797834214244,1227.615098152655,240.0,240.0
7 v/s 3,867,W,1059.6805749302493,890.7231721294488,240.0,240.0
12 v/s 8,868,W,1026.4646984125745,859.0116760447613,240.0,239.99999999999994
7 v/s 16,869,L,1020.3760795964674,1054.164689937741,239.99999999999997,240.00000000000003
15 v/s 1,870,W,1071.0905013866522,954.6218808689575,240.00000000000006,240.0
4 v/s 1,871,L,999.1702274307565,1089.6871182704326,239.99999999999997,240.0
2 v/s 8,872,L,946.8503939680543,1235.1045135286536,239.99999999999997,240.0
1 v/s 6,873,W,1102.1096661377771,1004.4310557159097,240.00000000000003,240.0
5 v/s 3,874,W,1087.793889621898,1002.3922937805804,240.00000000000006,239.99999999999997
12 v/s 6,875,W,984.86662172515,945.4579426043055,239.99999999999997,240.0
9 v/s 3,876,W,1064.4723890106081,850.7754809208093,240.00000000000006,239.99999999999997
12 v/s 5,877,L,1020.6859420735013,1163.7041762984054,239.99999999999997,240.0
4 v/s 10,878,W,1076.178461963486,998.5426547032209,240.00000000000003,239.99999999999997
9 v/s 12,879,W,1051.4434322869597,924.5491966964729,240.00000000000003,239.99999999999991
4 v/s 6,880,W,1021.7949775595054,1004.0857384367424,240.0,240.00000000000003
8 v/s 7,881,L,1078.8892087967847,1176.568726864449,240.0,240.0
1 v/s 9,882,L,1082.486191669241,1146.6317526612524,240.00000000000003,240.00000000000003
4 v/s 5,883,W,1000.571755745536,992.9001396246019,240.0,240.00000000000006
10 v/s 5,884,L,1060.792663912276,1256.3175012148495,239.99999999999997,240.0
4 v/s 2,885,W,1058.1045982655608,1011.9438664671841,240.00000000000003,240.0
6 v/s 3,886,L,1039.1116009931225,1117.2089903263193,240.00000000000003,240.0
4 v/s 11,887,W,1025.162989398712,1004.1527205197889,239.99999999999997,240.0
11 v/s 15,888,L,1109.2209305451936,1142.207663829439,240.00000000000003,240.0
1 v/s 2,889,W,1068.5929733095006,1017.8716187634615,240.00000000000003,239.99999999999994
9 v/s 5,890,W,1059.3103692683503,926.5871515717977,240.00000000000003,240.0
16 v/s 6,891,W,1095.2849552317252,811.5695126401447,240.0,240.00000000000006
5 v/s 3,892,W,995.2215167461085,991.5864011284124,240.0,239.99999999999994
6 v/s 3,893,L,981.7488292177612,1041.8985030648034,239.99999999999997,239.99999999999994
6 v/s 12,894,L,1049.2522277853582,1118.081893101997,240.00000000000003,239.99999999999997
16 v/s 6,895,W,1099.565469727936,1011.5477164909502,240.0,239.99999999999997
16 v/s 6,896,W,1100.066297648316,1019.3271127962186,240.0,240.0
3 v/s 15,897,L,1018.7717064688933,1060.2021035710743,239.99999999999994,239.99999999999994
6 v/s 14,898,L,982.748577847761,1218.6724793077394,240.00000000000003,240.0
1 v/s 10,899,W,1124.9422013407113,909.8643990349424,239.99999999999997,240.0
8 v/s 12,900,L,1058.3259508048604,1061.4722836150406,240.00000000000006,240.00000000000003
2 v/s 7,901,L,971.0942116773226,973.3540376363417,239.99999999999994,239.99999999999997
15 v/s 14,902,W,1048.5615663029012,1015.743574532812,240.0,239.99999999999997
7 v/s 10,903,W,1071.2667126582728,1038.9989279451704,240.0,239.99999999999997
12 v/s 10,904,W,1023.5880975751949,927.3067103644998,240.0,240.00000000000006
14 v/s 9,905,W,1087.9755005972388,1000.1145370247644,239.99999999999997,240.00000000000003
14 v/s 13,906,L,1051.9824605409244,1165.89500726687,240.0,240.00000000000003
2 v/s 9,907,L,1023.0386880937243,1089.429175608393,240.00000000000003,240.00000000000006
14 v/s 1,908,L,1061.3442853039264,1104.4117893217879,240.0,240.0
8 v/s 13,909,L,1058.1769523449514,1066.491564950561,240.00000000000003,240.0
1 v/s 7,910,L,1127.9152346198903,1150.4098515935343,239.99999999999997,239.99999999999997
8 v/s 11,911,W,1099.6506956067753,1042.167850085951,240.0,239.99999999999997
9 v/s 16,912,W,1108.359530616425,1064.990424515987,240.00000000000003,240.0
7 v/s 9,913,W,1082.5926482412926,972.976919831282,240.0,240.0
4 v/s 5,914,L,1009.3727168890848,1136.7329067066396,239.99999999999997,239.99999999999997
8 v/s 12,915,W,1037.0229654476975,992.3487856540224,239.99999999999997,240.00000000000003
14 v/s 9,916,W,1080.014828545993,911.0612912647755,240.0,239.99999999999994
16 v/s 5,917,L,1080.8879473416696,1117.2227085390437,239.99999999999997,239.99999999999994
4 v/s 3,918,L,1099.8324896197812,1171.7206075013669,240.0,239.99999999999997
11 v/s 12,919,W,1119.8252191218157,923.5473001000172,240.0,239.99999999999997
4 v/s 10,920,W,1051.9778018801142,956.4825318223561,240.0,240.00000000000006
8 v/s 10,921,W,1048.2320148528481,970.0753289019145,240.00000000000006,239.99999999999997
5 v/s 11,922,L,1050.731829722388,1158.9568588989061,240.00000000000006,240.00000000000006
16 v/s 14,923,W,1138.6715151034184,1062.7427394692843,240.00000000000003,239.99999999999997
14 v/s 6,924,W,1165.9380362075692,1041.805661923771,240.00000000000003,240.0
16 v/s 14,925,W,1124.139094439946,1048.9864524715945,240.00000000000003,240.00000000000003
2 v/s 8,926,L,1010.1023189117781,1115.517018545211,240.0,240.00000000000003
2 v/s 14,927,L,997.2471287132828,1086.5652326322593,240.00000000000006,240.0
9 v/s 11,928,W,1029.3590516508207,1009.4355332133289,240.00000000000003,240.0
14 v/s 4,929,L,1090.8100446544756,1098.4770785106405,239.99999999999997,240.0
9 v/s 2,930,L,1064.0008531668511,1166.7368525917962,239.99999999999991,240.0
13 v/s 9,931,L,1078.637249165019,1343.1576514595993,240.00000000000003,240.00000000000003
7 v/s 4,932,W,1159.6683367938651,989.0388804999228,239.99999999999994,240.0
10 v/s 12,933,W,1052.9049289361935,890.9129027755529,239.99999999999997,240.0
16 v/s 11,934,W,1142.6405889303583,960.6883389379079,239.99999999999997,240.0
4 v/s 14,935,L,1030.9420054088337,1243.9423573047025,239.99999999999997,240.0
11 v/s 6,936,W,1094.430123371356,951.9185997600141,240.0,240.0
4 v/s 11,937,W,1054.1250859282068,1053.3170809866842,239.99999999999997,240.00000000000003
5 v/s 16,938,L,1061.2126557169142,1148.9675735504084,240.0,240.0
5 v/s 12,939,W,1063.3491884600408,1044.0803897498722,240.00000000000006,239.99999999999997
13 v/s 4,940,L,1092.2391658234778,1227.9832817826689,240.0,239.99999999999997
15 v/s 14,941,W,1088.7208914795542,939.1444591536155,240.00000000000003,240.0
7 v/s 13,942,L,1120.529823515445,1130.3750740740506,240.0,240.0
9 v/s 16,943,W,990.2264915705678,976.1701368741071,239.99999999999997,240.0
8 v/s 7,944,L,1103.8246788946703,1179.3906135860727,240.0,240.0
8 v/s 3,945,W,1025.0597855266446,787.2302152154552,240.00000000000003,240.0
2 v/s 1,946,L,967.9198555010735,1168.1352929672687,240.0,240.00000000000009
10 v/s 7,947,W,1045.9639634214009,994.7082157431788,240.00000000000003,240.0
12 v/s 1,948,L,953.8633056591417,1135.1447893517272,240.00000000000006,239.99999999999994
10 v/s 9,949,W,1025.479036202156,801.8355855010383,240.00000000000003,240.0
5 v/s 12,950,L,1078.5984753771097,1091.5679758207518,240.00000000000003,239.99999999999991
8 v/s 4,951,W,1073.706974311043,1024.7588829187343,240.00000000000003,239.99999999999997
10 v/s 14,952,L,1022.3616696667398,1079.3438009204908,239.99999999999994,239.99999999999997
5 v/s 6,953,L,1040.855546374586,1059.722002836617,240.0,240.0
7 v/s 13,954,W,1091.6947030777526,952.535089317325,239.99999999999997,240.0
3 v/s 5,955,L,977.3247627863374,1000.9935556179867,240.0,239.99999999999997
3 v/s 4,956,W,1012.2333570321989,930.0291324894607,239.99999999999997,239.99999999999997
14 v/s 11,957,L,1087.4156202039264,1177.5551219857439,240.00000000000003,240.0
7 v/s 10,958,L,1105.6058251069828,1136.7829440702728,239.99999999999997,240.00000000000003
11 v/s 2,959,W,1094.5997359989772,1014.1075748675291,240.0,239.99999999999997
12 v/s 10,960,L,1032.187611419046,1093.7495455714393,240.00000000000003,240.0
13 v/s 10,961,L,1091.5044834207138,1220.9770249888486,240.00000000000006,239.99999999999994
6 v/s 5,962,W,966.7673066343273,957.1167068168064,240.00000000000006,240.0
5 v/s 6,963,W,1103.8170780257963,1010.1740472401924,240.0,240.0
14 v/s 16,964,W,1091.8290012353457,978.6342606583175,240.0,239.99999999999994
14 v/s 7,965,L,1084.9474662481211,1087.0043313658875,240.0,240.0
3 v/s 15,966,W,1054.4495198958998,877.9385077077061,240.0,239.99999999999997
8 v/s 1,967,L,986.148346056718,1060.6098638574988,239.99999999999997,240.0
15 v/s 2,968,W,1092.3719255834333,980.6701464763182,240.0,240.00000000000003
9 v/s 7,969,W,1062.7484810340836,1042.577214169103,240.00000000000006,240.0
5 v/s 7,970,W,1106.231365249812,1059.9319931417676,240.00000000000003,240.0
14 v/s 13,971,L,1124.2270835354218,1129.486812835964,239.99999999999997,240.0
4 v/s 12,972,W,1091.8711361553494,984.8286541725356,240.0,240.0
15 v/s 11,973,L,1122.2399916848997,1125.8893932257336,240.00000000000003,240.0
15 v/s 9,974,W,1160.2415152098595,1034.6694104999826,239.99999999999994,240.0
2 v/s 5,975,W,1056.6424232808356,1055.2715093602303,240.00000000000003,239.99999999999991
15 v/s 1,976,W,1086.269672873864,1049.961867133848,240.0,240.0
7 v/s 10,977,W,1129.086067533794,1070.0991056191606,240.0,240.00000000000003
3 v/s 15,978,L,1021.6161796328901,1057.338351530869,240.0,240.0
4 v/s 6,979,W,1074.469690324397,918.0098144249155,240.0,240.0
1 v/s 13,980,L,1052.3243827143801,1089.85799809526,240.0,239.99999999999997
4 v/s 13,981,W,1036.8162227084456,977.9715274319657,240.0,239.99999999999997
15 v/s 11,982,L,1026.4155164846072,1193.1638528854794,240.00000000000006,240.0
13 v/s 9,983,W,1038.9465273758951,938.1556175338916,240.00000000000006,239.99999999999997
14 v/s 13,984,W,1100.938362392453,982.3303321365373,240.0,240.0
16 v/s 7,985,L,1113.0888700460412,1194.230545825793,240.00000000000006,240.0
1 v/s 15,986,L,1147.129023690402,1157.8746134574806,240.0,240.00000000000003
8 v/s 13,987,L,1025.762588925076,1027.5027051007778,240.0,240.00000000000003
5 v/s 7,988,W,1108.3116558209645,984.2815071729663,240.0,240.0
5 v/s 2,989,W,1106.9870850091254,1055.5170661844672,239.99999999999997,240.0
15 v/s 14,990,L,1048.4744420080037,1120.568316696726,240.0,240.0
3 v/s 4,991,W,1012.378979985003,936.8620028239096,240.0,240.0
1 v/s 16,992,W,1075.3904115536368,955.7988957877612,239.99999999999994,240.0
15 v/s 16,993,W,1125.1262060416768,1066.4581326457992,239.99999999999994,239.99999999999997
13 v/s 1,994,W,1119.3754359116406,1101.1382224987033,240.00000000000003,240.00000000000006
6 v/s 16,995,L,1015.6957358870928,1019.4862284812749,240.00000000000003,240.00000000000006
14 v/s 6,996,W,1094.3059485942256,1025.7891794883385,240.0,240.00000000000003
9 v/s 12,997,W,1008.3987545368574,946.4951953408902,240.00000000000003,239.99999999999997
9 v/s 2,998,L,1073.6073083749163,1211.4132921152307,240.00000000000003,239.99999999999997
15 v/s 12,999,L,1065.4887139022098,1117.3778727151534,239.99999999999997,240.00000000000003
